{
  "name": "T\u00e1\u00ba\u00a3i l\u00c3\u00aan t\u00e1\u00bb\u00ab di \u00c4\u0091\u00e1\u00bb\u0099ng",
  "photos": [
    {
      "uri": "your_activity_across_facebook/posts/media/Tailentudidong_qACuMFM0gg/404599882_362800346232765_4369245132399878944_n_362800349566098.jpg",
      "creation_timestamp": 1700799869,
      "media_metadata": {
        "photo_metadata": {
          "exif_data": [
            {
              "upload_ip": "14.247.170.251",
              "taken_timestamp": 1700409722,
              "orientation": 1
            }
          ]
        }
      },
      "title": "T\u00e1\u00ba\u00a3i l\u00c3\u00aan t\u00e1\u00bb\u00ab di \u00c4\u0091\u00e1\u00bb\u0099ng"
    },
    {
      "uri": "your_activity_across_facebook/posts/media/Tailentudidong_qACuMFM0gg/434357680_434066812439451_567526434654021403_n_434066815772784.jpg",
      "creation_timestamp": 1711759947,
      "media_metadata": {
        "photo_metadata": {
          "exif_data": [
            {
              "upload_ip": "113.179.232.110",
              "taken_timestamp": 1709096542,
              "orientation": 1
            }
          ]
        }
      },
      "title": "T\u00e1\u00ba\u00a3i l\u00c3\u00aan t\u00e1\u00bb\u00ab di \u00c4\u0091\u00e1\u00bb\u0099ng",
      "description": "\u00e1\u00bb\u0090i\u00f0\u009f\u00a5\u00b9\u00f0\u009f\u00a5\u00b9\u00f0\u009f\u00a5\u00b2"
    },
    {
      "uri": "your_activity_across_facebook/posts/media/Tailentudidong_qACuMFM0gg/435752109_439430985236367_468448691668782355_n_439430991903033.jpg",
      "creation_timestamp": 1712542552,
      "media_metadata": {
        "photo_metadata": {
          "exif_data": [
            {
              "upload_ip": "2001:ee0:24b:cfbd:69d3:a06c:6fc9:cdd6",
              "taken_timestamp": 1712542557,
              "orientation": 1
            }
          ]
        }
      },
      "title": "T\u00e1\u00ba\u00a3i l\u00c3\u00aan t\u00e1\u00bb\u00ab di \u00c4\u0091\u00e1\u00bb\u0099ng"
    },
    {
      "uri": "your_activity_across_facebook/posts/media/Tailentudidong_qACuMFM0gg/435880812_439431011903031_9069848742834794287_n_439431015236364.jpg",
      "creation_timestamp": 1712542553,
      "media_metadata": {
        "photo_metadata": {
          "exif_data": [
            {
              "upload_ip": "2001:ee0:24b:cfbd:69d3:a06c:6fc9:cdd6",
              "taken_timestamp": 1712542557,
              "orientation": 1
            }
          ]
        }
      },
      "title": "T\u00e1\u00ba\u00a3i l\u00c3\u00aan t\u00e1\u00bb\u00ab di \u00c4\u0091\u00e1\u00bb\u0099ng"
    },
    {
      "uri": "your_activity_across_facebook/posts/media/Tailentudidong_qACuMFM0gg/435608424_439431058569693_2025986249284891113_n_439431061903026.jpg",
      "creation_timestamp": 1712542554,
      "media_metadata": {
        "photo_metadata": {
          "exif_data": [
            {
              "upload_ip": "2001:ee0:24b:cfbd:69d3:a06c:6fc9:cdd6",
              "taken_timestamp": 1712542557,
              "orientation": 1
            }
          ]
        }
      },
      "title": "T\u00e1\u00ba\u00a3i l\u00c3\u00aan t\u00e1\u00bb\u00ab di \u00c4\u0091\u00e1\u00bb\u0099ng"
    },
    {
      "uri": "your_activity_across_facebook/posts/media/Tailentudidong_qACuMFM0gg/435606606_439431338569665_7494532549223045332_n_439431351902997.jpg",
      "creation_timestamp": 1712542599,
      "media_metadata": {
        "photo_metadata": {
          "exif_data": [
            {
              "upload_ip": "2001:ee0:24b:cfbd:69d3:a06c:6fc9:cdd6",
              "taken_timestamp": 1712542601,
              "orientation": 1
            }
          ]
        }
      },
      "title": "T\u00e1\u00ba\u00a3i l\u00c3\u00aan t\u00e1\u00bb\u00ab di \u00c4\u0091\u00e1\u00bb\u0099ng"
    },
    {
      "uri": "your_activity_across_facebook/posts/media/Tailentudidong_qACuMFM0gg/436356502_439431738569625_7899062403887153753_n_439431741902958.jpg",
      "creation_timestamp": 1712542652,
      "media_metadata": {
        "photo_metadata": {
          "exif_data": [
            {
              "upload_ip": "2001:ee0:24b:cfbd:69d3:a06c:6fc9:cdd6",
              "taken_timestamp": 1712542655,
              "orientation": 1
            }
          ]
        }
      },
      "title": "T\u00e1\u00ba\u00a3i l\u00c3\u00aan t\u00e1\u00bb\u00ab di \u00c4\u0091\u00e1\u00bb\u0099ng"
    },
    {
      "uri": "your_activity_across_facebook/posts/media/Tailentudidong_qACuMFM0gg/434382824_439432345236231_5034748271465187959_n_439432348569564.jpg",
      "creation_timestamp": 1712542714,
      "media_metadata": {
        "photo_metadata": {
          "exif_data": [
            {
              "upload_ip": "2001:ee0:24b:cfbd:69d3:a06c:6fc9:cdd6",
              "taken_timestamp": 1712542718,
              "orientation": 1
            }
          ]
        }
      },
      "title": "T\u00e1\u00ba\u00a3i l\u00c3\u00aan t\u00e1\u00bb\u00ab di \u00c4\u0091\u00e1\u00bb\u0099ng"
    },
    {
      "uri": "your_activity_across_facebook/posts/media/Tailentudidong_qACuMFM0gg/435671465_439432391902893_8293348934010150834_n_439432395236226.jpg",
      "creation_timestamp": 1712542717,
      "media_metadata": {
        "photo_metadata": {
          "exif_data": [
            {
              "upload_ip": "2001:ee0:24b:cfbd:69d3:a06c:6fc9:cdd6",
              "taken_timestamp": 1712542718,
              "orientation": 1
            }
          ]
        }
      },
      "title": "T\u00e1\u00ba\u00a3i l\u00c3\u00aan t\u00e1\u00bb\u00ab di \u00c4\u0091\u00e1\u00bb\u0099ng"
    },
    {
      "uri": "your_activity_across_facebook/posts/media/Tailentudidong_qACuMFM0gg/435899915_439432458569553_3373092842650481291_n_439432465236219.jpg",
      "creation_timestamp": 1712542724,
      "media_metadata": {
        "photo_metadata": {
          "exif_data": [
            {
              "upload_ip": "2001:ee0:24b:cfbd:69d3:a06c:6fc9:cdd6",
              "taken_timestamp": 1712542727,
              "orientation": 1
            }
          ]
        }
      },
      "title": "T\u00e1\u00ba\u00a3i l\u00c3\u00aan t\u00e1\u00bb\u00ab di \u00c4\u0091\u00e1\u00bb\u0099ng"
    },
    {
      "uri": "your_activity_across_facebook/posts/media/Tailentudidong_qACuMFM0gg/436156422_439432498569549_79518105077182746_n_439432501902882.jpg",
      "creation_timestamp": 1712542725,
      "media_metadata": {
        "photo_metadata": {
          "exif_data": [
            {
              "upload_ip": "2001:ee0:24b:cfbd:69d3:a06c:6fc9:cdd6",
              "taken_timestamp": 1712542727,
              "orientation": 1
            }
          ]
        }
      },
      "title": "T\u00e1\u00ba\u00a3i l\u00c3\u00aan t\u00e1\u00bb\u00ab di \u00c4\u0091\u00e1\u00bb\u0099ng"
    },
    {
      "uri": "your_activity_across_facebook/posts/media/Tailentudidong_qACuMFM0gg/435787776_439432531902879_4610011424260305708_n_439432538569545.jpg",
      "creation_timestamp": 1712542726,
      "media_metadata": {
        "photo_metadata": {
          "exif_data": [
            {
              "upload_ip": "2001:ee0:24b:cfbd:69d3:a06c:6fc9:cdd6",
              "taken_timestamp": 1712542727,
              "orientation": 1
            }
          ]
        }
      },
      "title": "T\u00e1\u00ba\u00a3i l\u00c3\u00aan t\u00e1\u00bb\u00ab di \u00c4\u0091\u00e1\u00bb\u0099ng"
    },
    {
      "uri": "your_activity_across_facebook/posts/media/Tailentudidong_qACuMFM0gg/435724820_439432805236185_633410115086479825_n_439432808569518.jpg",
      "creation_timestamp": 1712542751,
      "media_metadata": {
        "photo_metadata": {
          "exif_data": [
            {
              "upload_ip": "2001:ee0:24b:cfbd:69d3:a06c:6fc9:cdd6",
              "taken_timestamp": 1712542762,
              "orientation": 1
            }
          ]
        }
      },
      "title": "T\u00e1\u00ba\u00a3i l\u00c3\u00aan t\u00e1\u00bb\u00ab di \u00c4\u0091\u00e1\u00bb\u0099ng"
    },
    {
      "uri": "your_activity_across_facebook/posts/media/Tailentudidong_qACuMFM0gg/435574021_439432855236180_8150507103473894794_n_439432861902846.jpg",
      "creation_timestamp": 1712542755,
      "media_metadata": {
        "photo_metadata": {
          "exif_data": [
            {
              "upload_ip": "2001:ee0:24b:cfbd:69d3:a06c:6fc9:cdd6",
              "taken_timestamp": 1712542762,
              "orientation": 1
            }
          ]
        }
      },
      "title": "T\u00e1\u00ba\u00a3i l\u00c3\u00aan t\u00e1\u00bb\u00ab di \u00c4\u0091\u00e1\u00bb\u0099ng"
    },
    {
      "uri": "your_activity_across_facebook/posts/media/Tailentudidong_qACuMFM0gg/435999861_439432905236175_7588402047780407294_n_439432908569508.jpg",
      "creation_timestamp": 1712542758,
      "media_metadata": {
        "photo_metadata": {
          "exif_data": [
            {
              "upload_ip": "2001:ee0:24b:cfbd:69d3:a06c:6fc9:cdd6",
              "taken_timestamp": 1712542762,
              "orientation": 1
            }
          ]
        }
      },
      "title": "T\u00e1\u00ba\u00a3i l\u00c3\u00aan t\u00e1\u00bb\u00ab di \u00c4\u0091\u00e1\u00bb\u0099ng"
    },
    {
      "uri": "your_activity_across_facebook/posts/media/Tailentudidong_qACuMFM0gg/435773624_439432941902838_3510248917732201691_n_439432948569504.jpg",
      "creation_timestamp": 1712542761,
      "media_metadata": {
        "photo_metadata": {
          "exif_data": [
            {
              "upload_ip": "2001:ee0:24b:cfbd:69d3:a06c:6fc9:cdd6",
              "taken_timestamp": 1712542762,
              "orientation": 1
            }
          ]
        }
      },
      "title": "T\u00e1\u00ba\u00a3i l\u00c3\u00aan t\u00e1\u00bb\u00ab di \u00c4\u0091\u00e1\u00bb\u0099ng"
    },
    {
      "uri": "your_activity_across_facebook/posts/media/Tailentudidong_qACuMFM0gg/435721328_439433115236154_4709436946247436927_n_439433118569487.jpg",
      "creation_timestamp": 1712542772,
      "media_metadata": {
        "photo_metadata": {
          "exif_data": [
            {
              "upload_ip": "2001:ee0:24b:cfbd:69d3:a06c:6fc9:cdd6",
              "taken_timestamp": 1712542778,
              "orientation": 1
            }
          ]
        }
      },
      "title": "T\u00e1\u00ba\u00a3i l\u00c3\u00aan t\u00e1\u00bb\u00ab di \u00c4\u0091\u00e1\u00bb\u0099ng"
    },
    {
      "uri": "your_activity_across_facebook/posts/media/Tailentudidong_qACuMFM0gg/435608641_439433155236150_7228168066122830427_n_439433158569483.jpg",
      "creation_timestamp": 1712542773,
      "media_metadata": {
        "photo_metadata": {
          "exif_data": [
            {
              "upload_ip": "2001:ee0:24b:cfbd:69d3:a06c:6fc9:cdd6",
              "taken_timestamp": 1712542778,
              "orientation": 1
            }
          ]
        }
      },
      "title": "T\u00e1\u00ba\u00a3i l\u00c3\u00aan t\u00e1\u00bb\u00ab di \u00c4\u0091\u00e1\u00bb\u0099ng"
    },
    {
      "uri": "your_activity_across_facebook/posts/media/Tailentudidong_qACuMFM0gg/435688154_439433205236145_4017827193937270031_n_439433208569478.jpg",
      "creation_timestamp": 1712542776,
      "media_metadata": {
        "photo_metadata": {
          "exif_data": [
            {
              "upload_ip": "2001:ee0:24b:cfbd:69d3:a06c:6fc9:cdd6",
              "taken_timestamp": 1712542778,
              "orientation": 1
            }
          ]
        }
      },
      "title": "T\u00e1\u00ba\u00a3i l\u00c3\u00aan t\u00e1\u00bb\u00ab di \u00c4\u0091\u00e1\u00bb\u0099ng"
    },
    {
      "uri": "your_activity_across_facebook/posts/media/Tailentudidong_qACuMFM0gg/435666689_439433405236125_702739600131634886_n_439433411902791.jpg",
      "creation_timestamp": 1712542792,
      "media_metadata": {
        "photo_metadata": {
          "exif_data": [
            {
              "upload_ip": "2001:ee0:24b:cfbd:69d3:a06c:6fc9:cdd6",
              "taken_timestamp": 1712542795,
              "orientation": 1
            }
          ]
        }
      },
      "title": "T\u00e1\u00ba\u00a3i l\u00c3\u00aan t\u00e1\u00bb\u00ab di \u00c4\u0091\u00e1\u00bb\u0099ng"
    },
    {
      "uri": "your_activity_across_facebook/posts/media/Tailentudidong_qACuMFM0gg/435673844_439433708569428_5370598648838013201_n_439433711902761.jpg",
      "creation_timestamp": 1712542819,
      "media_metadata": {
        "photo_metadata": {
          "exif_data": [
            {
              "upload_ip": "2001:ee0:24b:cfbd:69d3:a06c:6fc9:cdd6",
              "taken_timestamp": 1712542822,
              "orientation": 1
            }
          ]
        }
      },
      "title": "T\u00e1\u00ba\u00a3i l\u00c3\u00aan t\u00e1\u00bb\u00ab di \u00c4\u0091\u00e1\u00bb\u0099ng"
    },
    {
      "uri": "your_activity_across_facebook/posts/media/Tailentudidong_qACuMFM0gg/435688868_439433921902740_1969683070420509003_n_439433925236073.jpg",
      "creation_timestamp": 1712542838,
      "media_metadata": {
        "photo_metadata": {
          "exif_data": [
            {
              "upload_ip": "2001:ee0:24b:cfbd:69d3:a06c:6fc9:cdd6",
              "taken_timestamp": 1712542839,
              "orientation": 1
            }
          ]
        }
      },
      "title": "T\u00e1\u00ba\u00a3i l\u00c3\u00aan t\u00e1\u00bb\u00ab di \u00c4\u0091\u00e1\u00bb\u0099ng"
    },
    {
      "uri": "your_activity_across_facebook/posts/media/Tailentudidong_qACuMFM0gg/425786864_439623361883796_4651611924807040683_n_439623365217129.jpg",
      "creation_timestamp": 1712573463,
      "media_metadata": {
        "photo_metadata": {
          "exif_data": [
            {
              "upload_ip": "2001:ee0:1a11:6ce5:8812:448e:a3d6:75a1",
              "taken_timestamp": 1712573484,
              "orientation": 1
            }
          ]
        }
      },
      "title": "T\u00e1\u00ba\u00a3i l\u00c3\u00aan t\u00e1\u00bb\u00ab di \u00c4\u0091\u00e1\u00bb\u0099ng",
      "description": "M\u00e1\u00bb\u0099t bu\u00e1\u00bb\u0095i \u00c4\u0091i d\u00e1\u00bb\u00b1 ti\u00e1\u00bb\u0087c\u00f0\u009f\u00a5\u00b0"
    },
    {
      "uri": "your_activity_across_facebook/posts/media/Tailentudidong_qACuMFM0gg/435883120_439623695217096_3472657008051111522_n_439623698550429.jpg",
      "creation_timestamp": 1712573512,
      "media_metadata": {
        "photo_metadata": {
          "exif_data": [
            {
              "upload_ip": "2001:ee0:1a11:6ce5:8812:448e:a3d6:75a1",
              "taken_timestamp": 1712573517,
              "orientation": 1
            }
          ]
        }
      },
      "title": "T\u00e1\u00ba\u00a3i l\u00c3\u00aan t\u00e1\u00bb\u00ab di \u00c4\u0091\u00e1\u00bb\u0099ng"
    },
    {
      "uri": "your_activity_across_facebook/posts/media/Tailentudidong_qACuMFM0gg/435885361_439623725217093_8721053786219642416_n_439623731883759.jpg",
      "creation_timestamp": 1712573513,
      "media_metadata": {
        "photo_metadata": {
          "exif_data": [
            {
              "upload_ip": "2001:ee0:1a11:6ce5:8812:448e:a3d6:75a1",
              "taken_timestamp": 1712573517,
              "orientation": 1
            }
          ]
        }
      },
      "title": "T\u00e1\u00ba\u00a3i l\u00c3\u00aan t\u00e1\u00bb\u00ab di \u00c4\u0091\u00e1\u00bb\u0099ng"
    },
    {
      "uri": "your_activity_across_facebook/posts/media/Tailentudidong_qACuMFM0gg/435800080_439624138550385_4124282013690434984_n_439624145217051.jpg",
      "creation_timestamp": 1712573568,
      "media_metadata": {
        "photo_metadata": {
          "exif_data": [
            {
              "upload_ip": "2001:ee0:1a11:6ce5:8812:448e:a3d6:75a1",
              "taken_timestamp": 1712573570,
              "orientation": 1
            }
          ]
        }
      },
      "title": "T\u00e1\u00ba\u00a3i l\u00c3\u00aan t\u00e1\u00bb\u00ab di \u00c4\u0091\u00e1\u00bb\u0099ng"
    },
    {
      "uri": "your_activity_across_facebook/posts/media/Tailentudidong_qACuMFM0gg/435584176_439624181883714_6936457959353443398_n_439624191883713.jpg",
      "creation_timestamp": 1712573569,
      "media_metadata": {
        "photo_metadata": {
          "exif_data": [
            {
              "upload_ip": "2001:ee0:1a11:6ce5:8812:448e:a3d6:75a1",
              "taken_timestamp": 1712573570,
              "orientation": 1
            }
          ]
        }
      },
      "title": "T\u00e1\u00ba\u00a3i l\u00c3\u00aan t\u00e1\u00bb\u00ab di \u00c4\u0091\u00e1\u00bb\u0099ng"
    },
    {
      "uri": "your_activity_across_facebook/posts/media/Tailentudidong_qACuMFM0gg/435690052_439624428550356_4736236167386867726_n_439624431883689.jpg",
      "creation_timestamp": 1712573595,
      "media_metadata": {
        "photo_metadata": {
          "exif_data": [
            {
              "upload_ip": "2001:ee0:1a11:6ce5:8812:448e:a3d6:75a1",
              "taken_timestamp": 1712573597,
              "orientation": 1
            }
          ]
        }
      },
      "title": "T\u00e1\u00ba\u00a3i l\u00c3\u00aan t\u00e1\u00bb\u00ab di \u00c4\u0091\u00e1\u00bb\u0099ng"
    },
    {
      "uri": "your_activity_across_facebook/posts/media/Tailentudidong_qACuMFM0gg/435679744_439624581883674_8688281751702079798_n_439624585217007.jpg",
      "creation_timestamp": 1712573614,
      "media_metadata": {
        "photo_metadata": {
          "exif_data": [
            {
              "upload_ip": "2001:ee0:1a11:6ce5:8812:448e:a3d6:75a1",
              "taken_timestamp": 1712573626,
              "orientation": 1
            }
          ]
        }
      },
      "title": "T\u00e1\u00ba\u00a3i l\u00c3\u00aan t\u00e1\u00bb\u00ab di \u00c4\u0091\u00e1\u00bb\u0099ng"
    },
    {
      "uri": "your_activity_across_facebook/posts/media/Tailentudidong_qACuMFM0gg/435742224_439624618550337_282719149747562712_n_439624621883670.jpg",
      "creation_timestamp": 1712573616,
      "media_metadata": {
        "photo_metadata": {
          "exif_data": [
            {
              "upload_ip": "2001:ee0:1a11:6ce5:8812:448e:a3d6:75a1",
              "taken_timestamp": 1712573626,
              "orientation": 1
            }
          ]
        }
      },
      "title": "T\u00e1\u00ba\u00a3i l\u00c3\u00aan t\u00e1\u00bb\u00ab di \u00c4\u0091\u00e1\u00bb\u0099ng"
    },
    {
      "uri": "your_activity_across_facebook/posts/media/Tailentudidong_qACuMFM0gg/435683169_439624811883651_8474813045913506020_n_439624815216984.jpg",
      "creation_timestamp": 1712573642,
      "media_metadata": {
        "photo_metadata": {
          "exif_data": [
            {
              "upload_ip": "2001:ee0:1a11:6ce5:8812:448e:a3d6:75a1",
              "taken_timestamp": 1712573659,
              "orientation": 1
            }
          ]
        }
      },
      "title": "T\u00e1\u00ba\u00a3i l\u00c3\u00aan t\u00e1\u00bb\u00ab di \u00c4\u0091\u00e1\u00bb\u0099ng"
    },
    {
      "uri": "your_activity_across_facebook/posts/media/Tailentudidong_qACuMFM0gg/435756701_439624801883652_7462633051242366022_n_439624818550317.jpg",
      "creation_timestamp": 1712573641,
      "media_metadata": {
        "photo_metadata": {
          "exif_data": [
            {
              "upload_ip": "2001:ee0:1a11:6ce5:8812:448e:a3d6:75a1",
              "taken_timestamp": 1712573659,
              "orientation": 1
            }
          ]
        }
      },
      "title": "T\u00e1\u00ba\u00a3i l\u00c3\u00aan t\u00e1\u00bb\u00ab di \u00c4\u0091\u00e1\u00bb\u0099ng"
    },
    {
      "uri": "your_activity_across_facebook/posts/media/Tailentudidong_qACuMFM0gg/435678766_439625031883629_8243034490008587086_n_439625035216962.jpg",
      "creation_timestamp": 1712573676,
      "media_metadata": {
        "photo_metadata": {
          "exif_data": [
            {
              "upload_ip": "2001:ee0:1a11:6ce5:8812:448e:a3d6:75a1",
              "taken_timestamp": 1712573677,
              "orientation": 1
            }
          ]
        }
      },
      "title": "T\u00e1\u00ba\u00a3i l\u00c3\u00aan t\u00e1\u00bb\u00ab di \u00c4\u0091\u00e1\u00bb\u0099ng",
      "description": "\u00e1\u00bb\u00aam\u00f0\u009f\u00a5\u00b9\u00f0\u009f\u0098\u00aa"
    },
    {
      "uri": "your_activity_across_facebook/posts/media/Tailentudidong_qACuMFM0gg/435673528_439625195216946_263831214374573032_n_439625198550279.jpg",
      "creation_timestamp": 1712573693,
      "media_metadata": {
        "photo_metadata": {
          "exif_data": [
            {
              "upload_ip": "2001:ee0:1a11:6ce5:8812:448e:a3d6:75a1",
              "taken_timestamp": 1712573698,
              "orientation": 1
            }
          ]
        }
      },
      "title": "T\u00e1\u00ba\u00a3i l\u00c3\u00aan t\u00e1\u00bb\u00ab di \u00c4\u0091\u00e1\u00bb\u0099ng"
    },
    {
      "uri": "your_activity_across_facebook/posts/media/Tailentudidong_qACuMFM0gg/435736699_439625255216940_998947932187746441_n_439625261883606.jpg",
      "creation_timestamp": 1712573697,
      "media_metadata": {
        "photo_metadata": {
          "exif_data": [
            {
              "upload_ip": "2001:ee0:1a11:6ce5:8812:448e:a3d6:75a1",
              "taken_timestamp": 1712573698,
              "orientation": 1
            }
          ]
        }
      },
      "title": "T\u00e1\u00ba\u00a3i l\u00c3\u00aan t\u00e1\u00bb\u00ab di \u00c4\u0091\u00e1\u00bb\u0099ng"
    },
    {
      "uri": "your_activity_across_facebook/posts/media/Tailentudidong_qACuMFM0gg/435696936_439625365216929_8805570785271559916_n_439625385216927.jpg",
      "creation_timestamp": 1712573708,
      "media_metadata": {
        "photo_metadata": {
          "exif_data": [
            {
              "upload_ip": "2001:ee0:1a11:6ce5:8812:448e:a3d6:75a1",
              "taken_timestamp": 1712573713,
              "orientation": 1
            }
          ]
        }
      },
      "title": "T\u00e1\u00ba\u00a3i l\u00c3\u00aan t\u00e1\u00bb\u00ab di \u00c4\u0091\u00e1\u00bb\u0099ng"
    },
    {
      "uri": "your_activity_across_facebook/posts/media/Tailentudidong_qACuMFM0gg/435972136_439625488550250_4459163468868627635_n_439625491883583.jpg",
      "creation_timestamp": 1712573712,
      "media_metadata": {
        "photo_metadata": {
          "exif_data": [
            {
              "upload_ip": "2001:ee0:1a11:6ce5:8812:448e:a3d6:75a1",
              "taken_timestamp": 1712573713,
              "orientation": 1
            }
          ]
        }
      },
      "title": "T\u00e1\u00ba\u00a3i l\u00c3\u00aan t\u00e1\u00bb\u00ab di \u00c4\u0091\u00e1\u00bb\u0099ng"
    },
    {
      "uri": "your_activity_across_facebook/posts/media/Tailentudidong_qACuMFM0gg/435675845_439625701883562_4695630820467234793_n_439625705216895.jpg",
      "creation_timestamp": 1712573731,
      "media_metadata": {
        "photo_metadata": {
          "exif_data": [
            {
              "upload_ip": "2001:ee0:1a11:6ce5:8812:448e:a3d6:75a1",
              "taken_timestamp": 1712573734,
              "orientation": 1
            }
          ]
        }
      },
      "title": "T\u00e1\u00ba\u00a3i l\u00c3\u00aan t\u00e1\u00bb\u00ab di \u00c4\u0091\u00e1\u00bb\u0099ng"
    },
    {
      "uri": "your_activity_across_facebook/posts/media/Tailentudidong_qACuMFM0gg/425767336_439625891883543_8744598611141773584_n_439625895216876.jpg",
      "creation_timestamp": 1712573747,
      "media_metadata": {
        "photo_metadata": {
          "exif_data": [
            {
              "upload_ip": "2001:ee0:1a11:6ce5:8812:448e:a3d6:75a1",
              "taken_timestamp": 1712573752,
              "orientation": 1
            }
          ]
        }
      },
      "title": "T\u00e1\u00ba\u00a3i l\u00c3\u00aan t\u00e1\u00bb\u00ab di \u00c4\u0091\u00e1\u00bb\u0099ng"
    },
    {
      "uri": "your_activity_across_facebook/posts/media/Tailentudidong_qACuMFM0gg/435586191_439625945216871_1252307581578726925_n_439625948550204.jpg",
      "creation_timestamp": 1712573751,
      "media_metadata": {
        "photo_metadata": {
          "exif_data": [
            {
              "upload_ip": "2001:ee0:1a11:6ce5:8812:448e:a3d6:75a1",
              "taken_timestamp": 1712573752,
              "orientation": 1
            }
          ]
        }
      },
      "title": "T\u00e1\u00ba\u00a3i l\u00c3\u00aan t\u00e1\u00bb\u00ab di \u00c4\u0091\u00e1\u00bb\u0099ng"
    },
    {
      "uri": "your_activity_across_facebook/posts/media/Tailentudidong_qACuMFM0gg/435752101_439626108550188_5981775590046231250_n_439626111883521.jpg",
      "creation_timestamp": 1712573766,
      "media_metadata": {
        "photo_metadata": {
          "exif_data": [
            {
              "upload_ip": "2001:ee0:1a11:6ce5:8812:448e:a3d6:75a1",
              "taken_timestamp": 1712573768,
              "orientation": 1
            }
          ]
        }
      },
      "title": "T\u00e1\u00ba\u00a3i l\u00c3\u00aan t\u00e1\u00bb\u00ab di \u00c4\u0091\u00e1\u00bb\u0099ng"
    },
    {
      "uri": "your_activity_across_facebook/posts/media/Tailentudidong_qACuMFM0gg/435731810_439626138550185_2269746867907320802_n_439626148550184.jpg",
      "creation_timestamp": 1712573767,
      "media_metadata": {
        "photo_metadata": {
          "exif_data": [
            {
              "upload_ip": "2001:ee0:1a11:6ce5:8812:448e:a3d6:75a1",
              "taken_timestamp": 1712573768,
              "orientation": 1
            }
          ]
        }
      },
      "title": "T\u00e1\u00ba\u00a3i l\u00c3\u00aan t\u00e1\u00bb\u00ab di \u00c4\u0091\u00e1\u00bb\u0099ng"
    },
    {
      "uri": "your_activity_across_facebook/posts/media/Tailentudidong_qACuMFM0gg/435673861_439626548550144_4305167725300656940_n_439626558550143.jpg",
      "creation_timestamp": 1712573803,
      "media_metadata": {
        "photo_metadata": {
          "exif_data": [
            {
              "upload_ip": "2001:ee0:1a11:6ce5:8812:448e:a3d6:75a1",
              "taken_timestamp": 1712573811,
              "orientation": 1
            }
          ]
        }
      },
      "title": "T\u00e1\u00ba\u00a3i l\u00c3\u00aan t\u00e1\u00bb\u00ab di \u00c4\u0091\u00e1\u00bb\u0099ng"
    },
    {
      "uri": "your_activity_across_facebook/posts/media/Tailentudidong_qACuMFM0gg/435671031_439626561883476_8769381885010163635_n_439626568550142.jpg",
      "creation_timestamp": 1712573804,
      "media_metadata": {
        "photo_metadata": {
          "exif_data": [
            {
              "upload_ip": "2001:ee0:1a11:6ce5:8812:448e:a3d6:75a1",
              "taken_timestamp": 1712573811,
              "orientation": 1
            }
          ]
        }
      },
      "title": "T\u00e1\u00ba\u00a3i l\u00c3\u00aan t\u00e1\u00bb\u00ab di \u00c4\u0091\u00e1\u00bb\u0099ng"
    },
    {
      "uri": "your_activity_across_facebook/posts/media/Tailentudidong_qACuMFM0gg/435576122_439626621883470_1671490404075687331_n_439626628550136.jpg",
      "creation_timestamp": 1712573806,
      "media_metadata": {
        "photo_metadata": {
          "exif_data": [
            {
              "upload_ip": "2001:ee0:1a11:6ce5:8812:448e:a3d6:75a1",
              "taken_timestamp": 1712573811,
              "orientation": 1
            }
          ]
        }
      },
      "title": "T\u00e1\u00ba\u00a3i l\u00c3\u00aan t\u00e1\u00bb\u00ab di \u00c4\u0091\u00e1\u00bb\u0099ng"
    },
    {
      "uri": "your_activity_across_facebook/posts/media/Tailentudidong_qACuMFM0gg/435792039_439626625216803_512551970631861237_n_439626631883469.jpg",
      "creation_timestamp": 1712573806,
      "media_metadata": {
        "photo_metadata": {
          "exif_data": [
            {
              "upload_ip": "2001:ee0:1a11:6ce5:8812:448e:a3d6:75a1",
              "taken_timestamp": 1712573811,
              "orientation": 1
            }
          ]
        }
      },
      "title": "T\u00e1\u00ba\u00a3i l\u00c3\u00aan t\u00e1\u00bb\u00ab di \u00c4\u0091\u00e1\u00bb\u0099ng"
    },
    {
      "uri": "your_activity_across_facebook/posts/media/Tailentudidong_qACuMFM0gg/425781762_439627055216760_6465247672375409370_n_439627058550093.jpg",
      "creation_timestamp": 1712573852,
      "media_metadata": {
        "photo_metadata": {
          "exif_data": [
            {
              "upload_ip": "2001:ee0:1a11:6ce5:8812:448e:a3d6:75a1",
              "taken_timestamp": 1712573862,
              "orientation": 1
            }
          ]
        }
      },
      "title": "T\u00e1\u00ba\u00a3i l\u00c3\u00aan t\u00e1\u00bb\u00ab di \u00c4\u0091\u00e1\u00bb\u0099ng"
    },
    {
      "uri": "your_activity_across_facebook/posts/media/Tailentudidong_qACuMFM0gg/435583728_439627101883422_6597946455545349240_n_439627105216755.jpg",
      "creation_timestamp": 1712573856,
      "media_metadata": {
        "photo_metadata": {
          "exif_data": [
            {
              "upload_ip": "2001:ee0:1a11:6ce5:8812:448e:a3d6:75a1",
              "taken_timestamp": 1712573862,
              "orientation": 1
            }
          ]
        }
      },
      "title": "T\u00e1\u00ba\u00a3i l\u00c3\u00aan t\u00e1\u00bb\u00ab di \u00c4\u0091\u00e1\u00bb\u0099ng"
    },
    {
      "uri": "your_activity_across_facebook/posts/media/Tailentudidong_qACuMFM0gg/435779153_439627361883396_8764400131056040965_n_439627365216729.jpg",
      "creation_timestamp": 1712573868,
      "media_metadata": {
        "photo_metadata": {
          "exif_data": [
            {
              "upload_ip": "2001:ee0:1a11:6ce5:8812:448e:a3d6:75a1",
              "taken_timestamp": 1712573875,
              "orientation": 1
            }
          ]
        }
      },
      "title": "T\u00e1\u00ba\u00a3i l\u00c3\u00aan t\u00e1\u00bb\u00ab di \u00c4\u0091\u00e1\u00bb\u0099ng"
    },
    {
      "uri": "your_activity_across_facebook/posts/media/Tailentudidong_qACuMFM0gg/436108772_439627421883390_6811475867319891791_n_439627428550056.jpg",
      "creation_timestamp": 1712573873,
      "media_metadata": {
        "photo_metadata": {
          "exif_data": [
            {
              "upload_ip": "2001:ee0:1a11:6ce5:8812:448e:a3d6:75a1",
              "taken_timestamp": 1712573875,
              "orientation": 1
            }
          ]
        }
      },
      "title": "T\u00e1\u00ba\u00a3i l\u00c3\u00aan t\u00e1\u00bb\u00ab di \u00c4\u0091\u00e1\u00bb\u0099ng"
    },
    {
      "uri": "your_activity_across_facebook/posts/media/Tailentudidong_qACuMFM0gg/435707471_439627455216720_1275579653381840178_n_439627461883386.jpg",
      "creation_timestamp": 1712573873,
      "media_metadata": {
        "photo_metadata": {
          "exif_data": [
            {
              "upload_ip": "2001:ee0:1a11:6ce5:8812:448e:a3d6:75a1",
              "taken_timestamp": 1712573875,
              "orientation": 1
            }
          ]
        }
      },
      "title": "T\u00e1\u00ba\u00a3i l\u00c3\u00aan t\u00e1\u00bb\u00ab di \u00c4\u0091\u00e1\u00bb\u0099ng"
    },
    {
      "uri": "your_activity_across_facebook/posts/media/Tailentudidong_qACuMFM0gg/436252773_439627548550044_4074369263553928389_n_439627551883377.jpg",
      "creation_timestamp": 1712573886,
      "media_metadata": {
        "photo_metadata": {
          "exif_data": [
            {
              "upload_ip": "2001:ee0:1a11:6ce5:8812:448e:a3d6:75a1",
              "taken_timestamp": 1712573896,
              "orientation": 1
            }
          ]
        }
      },
      "title": "T\u00e1\u00ba\u00a3i l\u00c3\u00aan t\u00e1\u00bb\u00ab di \u00c4\u0091\u00e1\u00bb\u0099ng"
    },
    {
      "uri": "your_activity_across_facebook/posts/media/Tailentudidong_qACuMFM0gg/435774273_439627581883374_846480637093484529_n_439627585216707.jpg",
      "creation_timestamp": 1712573887,
      "media_metadata": {
        "photo_metadata": {
          "exif_data": [
            {
              "upload_ip": "2001:ee0:1a11:6ce5:8812:448e:a3d6:75a1",
              "taken_timestamp": 1712573896,
              "orientation": 1
            }
          ]
        }
      },
      "title": "T\u00e1\u00ba\u00a3i l\u00c3\u00aan t\u00e1\u00bb\u00ab di \u00c4\u0091\u00e1\u00bb\u0099ng"
    },
    {
      "uri": "your_activity_across_facebook/posts/media/Tailentudidong_qACuMFM0gg/435668752_439627625216703_5134872245353626329_n_439627628550036.jpg",
      "creation_timestamp": 1712573894,
      "media_metadata": {
        "photo_metadata": {
          "exif_data": [
            {
              "upload_ip": "2001:ee0:1a11:6ce5:8812:448e:a3d6:75a1",
              "taken_timestamp": 1712573896,
              "orientation": 1
            }
          ]
        }
      },
      "title": "T\u00e1\u00ba\u00a3i l\u00c3\u00aan t\u00e1\u00bb\u00ab di \u00c4\u0091\u00e1\u00bb\u0099ng"
    },
    {
      "uri": "your_activity_across_facebook/posts/media/Tailentudidong_qACuMFM0gg/435917814_439627748550024_5927416723532563939_n_439627751883357.jpg",
      "creation_timestamp": 1712573909,
      "media_metadata": {
        "photo_metadata": {
          "exif_data": [
            {
              "upload_ip": "2001:ee0:1a11:6ce5:8812:448e:a3d6:75a1",
              "taken_timestamp": 1712573916,
              "orientation": 1
            }
          ]
        }
      },
      "title": "T\u00e1\u00ba\u00a3i l\u00c3\u00aan t\u00e1\u00bb\u00ab di \u00c4\u0091\u00e1\u00bb\u0099ng"
    },
    {
      "uri": "your_activity_across_facebook/posts/media/Tailentudidong_qACuMFM0gg/435666260_439627795216686_7380714161860909902_n_439627798550019.jpg",
      "creation_timestamp": 1712573910,
      "media_metadata": {
        "photo_metadata": {
          "exif_data": [
            {
              "upload_ip": "2001:ee0:1a11:6ce5:8812:448e:a3d6:75a1",
              "taken_timestamp": 1712573916,
              "orientation": 1
            }
          ]
        }
      },
      "title": "T\u00e1\u00ba\u00a3i l\u00c3\u00aan t\u00e1\u00bb\u00ab di \u00c4\u0091\u00e1\u00bb\u0099ng"
    },
    {
      "uri": "your_activity_across_facebook/posts/media/Tailentudidong_qACuMFM0gg/435670955_439627845216681_8904793293245033828_n_439627848550014.jpg",
      "creation_timestamp": 1712573915,
      "media_metadata": {
        "photo_metadata": {
          "exif_data": [
            {
              "upload_ip": "2001:ee0:1a11:6ce5:8812:448e:a3d6:75a1",
              "taken_timestamp": 1712573916,
              "orientation": 1
            }
          ]
        }
      },
      "title": "T\u00e1\u00ba\u00a3i l\u00c3\u00aan t\u00e1\u00bb\u00ab di \u00c4\u0091\u00e1\u00bb\u0099ng"
    },
    {
      "uri": "your_activity_across_facebook/posts/media/Tailentudidong_qACuMFM0gg/435583758_439628095216656_3577840169476383839_n_439628098549989.jpg",
      "creation_timestamp": 1712573945,
      "media_metadata": {
        "photo_metadata": {
          "exif_data": [
            {
              "upload_ip": "2001:ee0:1a11:6ce5:8812:448e:a3d6:75a1",
              "taken_timestamp": 1712573950,
              "orientation": 1
            }
          ]
        }
      },
      "title": "T\u00e1\u00ba\u00a3i l\u00c3\u00aan t\u00e1\u00bb\u00ab di \u00c4\u0091\u00e1\u00bb\u0099ng"
    },
    {
      "uri": "your_activity_across_facebook/posts/media/Tailentudidong_qACuMFM0gg/435683166_439628128549986_3872820265595351819_n_439628131883319.jpg",
      "creation_timestamp": 1712573946,
      "media_metadata": {
        "photo_metadata": {
          "exif_data": [
            {
              "upload_ip": "2001:ee0:1a11:6ce5:8812:448e:a3d6:75a1",
              "taken_timestamp": 1712573950,
              "orientation": 1
            }
          ]
        }
      },
      "title": "T\u00e1\u00ba\u00a3i l\u00c3\u00aan t\u00e1\u00bb\u00ab di \u00c4\u0091\u00e1\u00bb\u0099ng"
    },
    {
      "uri": "your_activity_across_facebook/posts/media/Tailentudidong_qACuMFM0gg/435779448_439628171883315_7539750722031956601_n_439628175216648.jpg",
      "creation_timestamp": 1712573948,
      "media_metadata": {
        "photo_metadata": {
          "exif_data": [
            {
              "upload_ip": "2001:ee0:1a11:6ce5:8812:448e:a3d6:75a1",
              "taken_timestamp": 1712573950,
              "orientation": 1
            }
          ]
        }
      },
      "title": "T\u00e1\u00ba\u00a3i l\u00c3\u00aan t\u00e1\u00bb\u00ab di \u00c4\u0091\u00e1\u00bb\u0099ng"
    },
    {
      "uri": "your_activity_across_facebook/posts/media/Tailentudidong_qACuMFM0gg/435674335_439628481883284_122084708592851477_n_439628485216617.jpg",
      "creation_timestamp": 1712573985,
      "media_metadata": {
        "photo_metadata": {
          "exif_data": [
            {
              "upload_ip": "2001:ee0:1a11:6ce5:8812:448e:a3d6:75a1",
              "taken_timestamp": 1712573992,
              "orientation": 1
            }
          ]
        }
      },
      "title": "T\u00e1\u00ba\u00a3i l\u00c3\u00aan t\u00e1\u00bb\u00ab di \u00c4\u0091\u00e1\u00bb\u0099ng"
    },
    {
      "uri": "your_activity_across_facebook/posts/media/Tailentudidong_qACuMFM0gg/435564689_439628525216613_6182630184144011791_n_439628528549946.jpg",
      "creation_timestamp": 1712573986,
      "media_metadata": {
        "photo_metadata": {
          "exif_data": [
            {
              "upload_ip": "2001:ee0:1a11:6ce5:8812:448e:a3d6:75a1",
              "taken_timestamp": 1712573992,
              "orientation": 1
            }
          ]
        }
      },
      "title": "T\u00e1\u00ba\u00a3i l\u00c3\u00aan t\u00e1\u00bb\u00ab di \u00c4\u0091\u00e1\u00bb\u0099ng"
    }
  ],
  "cover_photo": {
    "uri": "your_activity_across_facebook/posts/media/Tailentudidong_qACuMFM0gg/447960844_475699244942874_7586952815554166618_n_475699201609545.jpg",
    "creation_timestamp": 1717773816,
    "media_metadata": {
      "photo_metadata": {
        "exif_data": [
          {
            "upload_ip": "14.163.120.171",
            "taken_timestamp": 1717773817,
            "orientation": 1
          }
        ]
      }
    },
    "title": "T\u00e1\u00ba\u00a3i l\u00c3\u00aan t\u00e1\u00bb\u00ab di \u00c4\u0091\u00e1\u00bb\u0099ng",
    "description": "\u00f0\u009f\u00a5\u00b5\u00f0\u009f\u00a5\u00b5\u00f0\u009f\u00a5\u00b5"
  },
  "last_modified_timestamp": 1717773817,
  "description": ""
}