{
  "name": "\u00e1\u00ba\u00a2nh b\u00c3\u00aca",
  "photos": [
    {
      "uri": "your_activity_across_facebook/posts/media/Anhbia_o0mlj7NtHw/405972816_363765849469548_7046672609219365043_n_363765852802881.jpg",
      "creation_timestamp": 1700966003,
      "media_metadata": {
        "photo_metadata": {
          "exif_data": [
            {
              "upload_ip": "14.247.170.251",
              "taken_timestamp": 1700966005,
              "orientation": 1
            }
          ]
        }
      },
      "title": "\u00e1\u00ba\u00a2nh b\u00c3\u00aca"
    }
  ],
  "cover_photo": {
    "uri": "your_activity_across_facebook/posts/media/Anhbia_o0mlj7NtHw/405972816_363765849469548_7046672609219365043_n_363765852802881.jpg",
    "creation_timestamp": 1700966003,
    "media_metadata": {
      "photo_metadata": {
        "exif_data": [
          {
            "upload_ip": "14.247.170.251",
            "taken_timestamp": 1700966005,
            "orientation": 1
          }
        ]
      }
    },
    "title": "\u00e1\u00ba\u00a2nh b\u00c3\u00aca"
  },
  "last_modified_timestamp": 1700966005,
  "description": ""
}