{
  "name": "\u00e1\u00ba\u00a2nh tr\u00c3\u00aan d\u00c3\u00b2ng th\u00e1\u00bb\u009di gian",
  "photos": [
    {
      "uri": "your_activity_across_facebook/posts/media/Anhtrendongthoigian_5b5xCxnutg/435711858_439429475236518_1388382400615056969_n_439429481903184.jpg",
      "creation_timestamp": 1712542406,
      "media_metadata": {
        "photo_metadata": {
          "exif_data": [
            {
              "upload_ip": "2001:ee0:24b:cfbd:69d3:a06c:6fc9:cdd6",
              "taken_timestamp": 1712542427,
              "orientation": 1
            }
          ]
        }
      },
      "title": "\u00e1\u00ba\u00a2nh tr\u00c3\u00aan d\u00c3\u00b2ng th\u00e1\u00bb\u009di gian"
    },
    {
      "uri": "your_activity_across_facebook/posts/media/Anhtrendongthoigian_5b5xCxnutg/435977245_439623975217068_709421154483526767_n_439623978550401.jpg",
      "creation_timestamp": 1712573545,
      "media_metadata": {
        "photo_metadata": {
          "exif_data": [
            {
              "upload_ip": "2001:ee0:1a11:6ce5:8812:448e:a3d6:75a1",
              "taken_timestamp": 1712573548,
              "orientation": 1
            }
          ]
        }
      },
      "title": "\u00e1\u00ba\u00a2nh tr\u00c3\u00aan d\u00c3\u00b2ng th\u00e1\u00bb\u009di gian"
    }
  ],
  "cover_photo": {
    "uri": "your_activity_across_facebook/posts/media/Anhtrendongthoigian_5b5xCxnutg/435977245_439623975217068_709421154483526767_n_439623978550401.jpg",
    "creation_timestamp": 1712573545,
    "media_metadata": {
      "photo_metadata": {
        "exif_data": [
          {
            "upload_ip": "2001:ee0:1a11:6ce5:8812:448e:a3d6:75a1",
            "taken_timestamp": 1712573548,
            "orientation": 1
          }
        ]
      }
    },
    "title": "\u00e1\u00ba\u00a2nh tr\u00c3\u00aan d\u00c3\u00b2ng th\u00e1\u00bb\u009di gian"
  },
  "last_modified_timestamp": 1712573548,
  "description": ""
}