{
  "name": "\u00e1\u00ba\u00a2nh \u00c4\u0091\u00e1\u00ba\u00a1i di\u00e1\u00bb\u0087n",
  "photos": [
    {
      "uri": "your_activity_across_facebook/posts/media/Anhdaidien_cCorWv5b2g/286895346_161413596371442_2016635233318257632_n_161413599704775.jpg",
      "creation_timestamp": 1654686149,
      "media_metadata": {
        "photo_metadata": {
          "exif_data": [
            {
              "upload_ip": "171.228.167.69",
              "taken_timestamp": 1654686151,
              "orientation": 1
            }
          ]
        }
      },
      "title": "\u00e1\u00ba\u00a2nh \u00c4\u0091\u00e1\u00ba\u00a1i di\u00e1\u00bb\u0087n",
      "description": "Y\u00c3\u00aau anhh n\u00c3\u00a0o b\u00c3\u00a2y gi\u00e1\u00bb\u009d ?\u00f0\u009f\u00a5\u00b9\u00f0\u009f\u00a5\u00b2\u00f0\u009f\u00ab\u00b6\u00f0\u009f\u008f\u00bb"
    },
    {
      "uri": "your_activity_across_facebook/posts/media/Anhdaidien_cCorWv5b2g/310272148_188828193629982_2903027349064021587_n_188828196963315.jpg",
      "creation_timestamp": 1665920528,
      "media_metadata": {
        "photo_metadata": {
          "exif_data": [
            {
              "upload_ip": "14.181.210.136",
              "taken_timestamp": 1665920530,
              "orientation": 1
            }
          ]
        }
      },
      "title": "\u00e1\u00ba\u00a2nh \u00c4\u0091\u00e1\u00ba\u00a1i di\u00e1\u00bb\u0087n",
      "description": "Hoa ch\u00e1\u00bb\u0089 n\u00e1\u00bb\u009f khi c\u00c3\u00b3 ng\u00c6\u00b0\u00e1\u00bb\u009di t\u00c6\u00b0\u00e1\u00bb\u009bi n\u00c6\u00b0\u00e1\u00bb\u009bc\u00f0\u009f\u008c\u00b7\nEm ch\u00e1\u00bb\u0089 c\u00c6\u00b0\u00e1\u00bb\u009di khi \u00c4\u0091\u00e1\u00bb\u00a9ng tr\u00c6\u00b0\u00e1\u00bb\u009bc ng\u00c6\u00b0\u00e1\u00bb\u009di em y\u00c3\u00aau\u00e2\u009d\u00a4\u00ef\u00b8\u008f\u00e2\u0080\u008d\u00f0\u009f\u00a9\u00b9\u00f0\u009f\u00a5\u00b9"
    },
    {
      "uri": "your_activity_across_facebook/posts/media/Anhdaidien_cCorWv5b2g/335027765_156510527280009_7895751771037549262_n_224381726741295.jpg",
      "creation_timestamp": 1678606341,
      "media_metadata": {
        "photo_metadata": {
          "exif_data": [
            {
              "upload_ip": "113.185.43.76",
              "taken_timestamp": 1678606342,
              "orientation": 1
            }
          ]
        }
      },
      "title": "\u00e1\u00ba\u00a2nh \u00c4\u0091\u00e1\u00ba\u00a1i di\u00e1\u00bb\u0087n"
    },
    {
      "uri": "your_activity_across_facebook/posts/media/Anhdaidien_cCorWv5b2g/338404837_195333876539980_3924407528808228325_n_232106859302115.jpg",
      "creation_timestamp": 1679826870,
      "media_metadata": {
        "photo_metadata": {
          "exif_data": [
            {
              "upload_ip": "113.185.40.111",
              "taken_timestamp": 1679826871,
              "orientation": 1
            }
          ]
        }
      },
      "title": "\u00e1\u00ba\u00a2nh \u00c4\u0091\u00e1\u00ba\u00a1i di\u00e1\u00bb\u0087n",
      "description": "\u00f0\u009f\u00a5\u00b9\u00f0\u009f\u00a5\u00b9"
    },
    {
      "uri": "your_activity_across_facebook/posts/media/Anhdaidien_cCorWv5b2g/348990723_616909717038309_7722340778526926990_n_264614099384724.jpg",
      "creation_timestamp": 1684926854,
      "media_metadata": {
        "photo_metadata": {
          "exif_data": [
            {
              "upload_ip": "14.181.212.191",
              "taken_timestamp": 1684926857,
              "orientation": 1
            }
          ]
        }
      },
      "title": "\u00e1\u00ba\u00a2nh \u00c4\u0091\u00e1\u00ba\u00a1i di\u00e1\u00bb\u0087n",
      "description": "\u00f0\u009f\u0098\u00b3"
    },
    {
      "uri": "your_activity_across_facebook/posts/media/Anhdaidien_cCorWv5b2g/405917252_363764826136317_8984657762401607618_n_363764832802983.jpg",
      "creation_timestamp": 1700965787,
      "media_metadata": {
        "photo_metadata": {
          "exif_data": [
            {
              "upload_ip": "14.247.170.251",
              "taken_timestamp": 1700965789,
              "orientation": 1
            }
          ]
        }
      },
      "title": "\u00e1\u00ba\u00a2nh \u00c4\u0091\u00e1\u00ba\u00a1i di\u00e1\u00bb\u0087n"
    },
    {
      "uri": "your_activity_across_facebook/posts/media/Anhdaidien_cCorWv5b2g/440944425_452646200581512_7875094832498642810_n_452646203914845.jpg",
      "creation_timestamp": 1714493220,
      "media_metadata": {
        "photo_metadata": {
          "exif_data": [
            {
              "upload_ip": "113.162.41.200",
              "taken_timestamp": 1714493221
            }
          ]
        }
      },
      "title": "\u00e1\u00ba\u00a2nh \u00c4\u0091\u00e1\u00ba\u00a1i di\u00e1\u00bb\u0087n"
    }
  ],
  "cover_photo": {
    "uri": "your_activity_across_facebook/posts/media/Anhdaidien_cCorWv5b2g/440944425_452646200581512_7875094832498642810_n_452646203914845.jpg",
    "creation_timestamp": 1714493220,
    "media_metadata": {
      "photo_metadata": {
        "exif_data": [
          {
            "upload_ip": "113.162.41.200",
            "taken_timestamp": 1714493221
          }
        ]
      }
    },
    "title": "\u00e1\u00ba\u00a2nh \u00c4\u0091\u00e1\u00ba\u00a1i di\u00e1\u00bb\u0087n"
  },
  "last_modified_timestamp": 1714493221,
  "description": ""
}