{
  "archive_v2": [
    {
      "timestamp": 1670938828,
      "attachments": [
        {
          "data": [
            {
              "external_context": {
                "url": ""
              }
            }
          ]
        }
      ],
      "data": [
        {
          "post": "\u00c4\u0090\u00c6\u00b0\u00e1\u00bb\u00a3c khum. Noel xong th\u00c3\u00ac CT\u00f0\u009f\u00a5\u00b9\u00f0\u009f\u00a5\u00b2"
        },
        {
          "update_timestamp": 1670938828
        },
        {
          
        },
        {
          
        },
        {
          
        }
      ],
      "title": "Ng\u00e1\u00bb\u008dcc H\u00e1\u00ba\u00b1ng \u00c4\u0091\u00c3\u00a3 chia s\u00e1\u00ba\u00bb m\u00e1\u00bb\u0099t b\u00c3\u00a0i vi\u00e1\u00ba\u00bft."
    },
    {
      "timestamp": 1673014294,
      "data": [
        {
          "post": "Hi"
        },
        {
          
        }
      ]
    }
  ]
}